<Device MapName="Device." writable="N"><Services><VoiceService><VoiceProfile><SIP><RegistrarServer MapName="Device.Services.VoiceService.VoiceProfile.SIP.RegistrarServer" writable="W"/><RegistrarServerPort MapName="Device.Services.VoiceService.VoiceProfile.SIP.RegistrarServerPort" writable="W"/><OutboundProxy MapName="Device.Services.VoiceService.VoiceProfile.SIP.OutboundProxy" writable="W"/><OutboundProxyPort MapName="Device.Services.VoiceService.VoiceProfile.SIP.OutboundProxyPort" writable="W"/><X_001E12_SipNumber MapName="Device.Services.VoiceService.1.VoiceProfile.1.SIP.X_001E12_SipNumber" writable="W"/><X_001E12_SipPassword MapName="Device.Services.VoiceService.1.VoiceProfile.1.SIP.X_001E12_SipPassword" writable="W" password="Y"/><X_001E12_SipName MapName="Device.Services.VoiceService.1.VoiceProfile.1.SIP.X_001E12_SipName" writable="W"/><X_001E12_SipPasswordType MapName="Device.Services.VoiceService.1.VoiceProfile.1.SIP.X_001E12_SipPasswordType" writable="W"/></SIP></VoiceProfile></VoiceService><Config><LoginForgetPassword MapName="Device.Services.Config.LoginForgetPassword" writable="W"/><CtdCall MapName="Device.Services.Config.CtdCall" writable="W"/><IntelligentRoute MapName="Device.Services.Config.IntelligentRoute" writable="W"/><IsHeadPortraitUpload MapName="Device.Services.Config.IsHeadPortraitUpload" writable="W"/><CallDnd MapName="Device.Services.Config.CallDnd" writable="W"/></Config></Services><ManagementServer MapName="Device.ManagementServer." writable="N"><URL MapName="Device.ManagementServer.URL" writable="W"/><Username MapName="Device.ManagementServer.Username" writable="W"/><Password MapName="Device.ManagementServer.Password" readable="N" writable="W" password="Y"/><PeriodicInformEnable MapName="Device.ManagementServer.PeriodicInformEnable" writable="W"/><PeriodicInformInterval MapName="Device.ManagementServer.PeriodicInformInterval" writable="W"/><ParameterKey MapName="Device.ManagementServer.ParameterKey" writable="W"/><ConnectionRequestURL MapName="Device.ManagementServer.ConnectionRequestURL" writable="N"/><ConnectionRequestUsername MapName="Device.ManagementServer.ConnectionRequestUsername" writable="W"/><ConnectionRequestPassword MapName="Device.ManagementServer.ConnectionRequestPassword" readable="N" writable="W" password="Y"/><STUNEnable MapName="Device.ManagementServer.STUNEnable" writable="N"/><STUNServerAddress MapName="Device.ManagementServer.STUNServerAddress" writable="N"/><STUNServerPort MapName="Device.ManagementServer.STUNServerPort" writable="N"/><STUNUsername MapName="Device.ManagementServer.STUNUsername" writable="N"/><STUNPassword MapName="Device.ManagementServer.STUNPassword" writable="W" readable="N" password="Y"/><STUNMinimumKeepAlivePeriod MapName="Device.ManagementServer.STUNMinimumKeepAlivePeriod" writable="N"/><STUNMaximumKeepAlivePeriod MapName="Device.ManagementServer.STUNMaximumKeepAlivePeriod" writable="N"/><STUNServerAddress MapName="Device.ManagementServer.STUNSTGServerAddress" writable="N"/><STUNServerPort MapName="Device.ManagementServer.STUNSTGServerPort" writable="N"/></ManagementServer><DeviceInfo MapName="Device.DeviceInfo." writable="N"><Manufacturer MapName="Device.DeviceInfo.Manufacturer" writable="N"/><ManufacturerOUI MapName="Device.DeviceInfo.ManufacturerOUI" writable="N"/><ModelName MapName="Device.DeviceInfo.ModelName" writable="N"/><Description MapName="Device.DeviceInfo.Description" writable="N"/><ProductClass MapName="Device.DeviceInfo.ProductClass" writable="N"/><SerialNumber MapName="Device.DeviceInfo.SerialNumber" writable="N"/><HardwareVersion MapName="Device.DeviceInfo.HardwareVersion" writable="N"/><SoftwareVersion MapName="Device.DeviceInfo.SoftwareVersion" writable="N"/><SpecVersion MapName="Device.DeviceInfo.SpecVersion" writable="N"/><ProvisioningCode MapName="Device.DeviceInfo.ProvisioningCode" writable="W"/><Mac MapName="Device.DeviceInfo.Mac" writable="N"/></DeviceInfo></Device>